{"assets/fonts/Poppins-Bold.ttf":["assets/fonts/Poppins-Bold.ttf"],"assets/fonts/Poppins-Italic.ttf":["assets/fonts/Poppins-Italic.ttf"],"assets/fonts/Poppins-Light.ttf":["assets/fonts/Poppins-Light.ttf"],"assets/fonts/Poppins-Medium.ttf":["assets/fonts/Poppins-Medium.ttf"],"assets/fonts/Poppins-Regular.ttf":["assets/fonts/Poppins-Regular.ttf"],"assets/fonts/Poppins-SemiBold.ttf":["assets/fonts/Poppins-SemiBold.ttf"],"assets/images/Vector (1).png":["assets/images/Vector (1).png"],"assets/images/Vector.png":["assets/images/Vector.png"],"assets/images/WhatsApp Image 2024-12-07 at 7.27.16 PM.jpeg":["assets/images/WhatsApp Image 2024-12-07 at 7.27.16 PM.jpeg"],"assets/images/expired.png":["assets/images/expired.png"],"assets/images/loader.gif":["assets/images/loader.gif"],"assets/images/loader.json":["assets/images/loader.json"],"assets/images/logob.png":["assets/images/logob.png"],"assets/images/man.png":["assets/images/man.png"],"assets/images/splash.png":["assets/images/splash.png"],"packages/csc_picker/lib/assets/country.json":["packages/csc_picker/lib/assets/country.json"],"packages/cupertino_icons/assets/CupertinoIcons.ttf":["packages/cupertino_icons/assets/CupertinoIcons.ttf"],"packages/line_icons/lib/assets/fonts/LineIcons.ttf":["packages/line_icons/lib/assets/fonts/LineIcons.ttf"]}