[{"family":"MaterialIcons","fonts":[{"asset":"fonts/MaterialIcons-Regular.otf"}]},{"family":"Poppins","fonts":[{"asset":"assets/fonts/Poppins-Regular.ttf"},{"weight":700,"asset":"assets/fonts/Poppins-Bold.ttf"},{"style":"italic","asset":"assets/fonts/Poppins-Italic.ttf"},{"weight":300,"asset":"assets/fonts/Poppins-Light.ttf"},{"weight":500,"asset":"assets/fonts/Poppins-Medium.ttf"},{"weight":600,"asset":"assets/fonts/Poppins-SemiBold.ttf"}]},{"family":"packages/cupertino_icons/CupertinoIcons","fonts":[{"asset":"packages/cupertino_icons/assets/CupertinoIcons.ttf"}]},{"family":"packages/line_icons/Awesome Line Icons 1.3.0","fonts":[{"asset":"packages/line_icons/lib/assets/fonts/LineIcons.ttf"}]}]