{"v":"5.6.2","fr":25,"ip":0,"op":153,"w":1000,"h":1000,"nm":"TROLLEY 2","ddd":0,"assets":[],"layers":[{"ddd":0,"ind":1,"ty":4,"nm":"ROUE Silhouettes","sr":1,"ks":{"o":{"a":0,"k":100,"ix":11},"r":{"a":1,"k":[{"i":{"x":[0.387],"y":[0.999]},"o":{"x":[0.333],"y":[0]},"t":12,"s":[0]},{"t":127,"s":[3600]}],"ix":10},"p":{"a":0,"k":[372.337,768.478,0],"ix":2},"a":{"a":0,"k":[127.974,127.973,0],"ix":1},"s":{"a":0,"k":[100,100,100],"ix":6}},"ao":0,"shapes":[{"ty":"gr","it":[{"ind":0,"ty":"sh","ix":1,"ks":{"a":0,"k":{"i":[[52.974,29.256],[29.256,-52.973],[-52.974,-29.257],[-29.256,52.973]],"o":[[52.974,-29.257],[-29.256,-52.973],[-52.974,29.256],[29.256,52.973]],"v":[[52.974,-0.001],[0,-52.973],[-52.974,-0.001],[0,52.973]],"c":true},"ix":2},"nm":"TracÃ© 1","mn":"ADBE Vector Shape - Group","hd":false,"_render":true},{"ty":"st","c":{"a":0,"k":[0.0314,0.3412,0.6275,1],"ix":3},"o":{"a":0,"k":100,"ix":4},"w":{"a":0,"k":30,"ix":5},"lc":2,"lj":2,"bm":0,"nm":"Contour 1","mn":"ADBE Vector Graphic - Stroke","hd":false,"_render":true},{"ty":"tr","p":{"a":0,"k":[127.973,127.974],"ix":2},"a":{"a":0,"k":[0,0],"ix":1},"s":{"a":0,"k":[100,100],"ix":3},"r":{"a":0,"k":0,"ix":6},"o":{"a":0,"k":100,"ix":7},"sk":{"a":0,"k":0,"ix":4},"sa":{"a":0,"k":0,"ix":5},"nm":"Transformer ","_render":true}],"nm":"Groupe 1","np":2,"cix":2,"bm":0,"ix":1,"mn":"ADBE Vector Group","hd":false,"_render":true},{"ty":"tm","s":{"a":1,"k":[{"i":{"x":[0.371],"y":[1.004]},"o":{"x":[0.953],"y":[0.023]},"t":12,"s":[100]},{"i":{"x":[0.743],"y":[1.813]},"o":{"x":[0.167],"y":[0]},"t":26,"s":[15]},{"i":{"x":[0],"y":[0.995]},"o":{"x":[1],"y":[-0.01]},"t":122,"s":[15]},{"t":135,"s":[100]}],"ix":1},"e":{"a":0,"k":100,"ix":2},"o":{"a":0,"k":0,"ix":3},"m":1,"ix":2,"nm":"RÃ©duire les tracÃ©s 1","mn":"ADBE Vector Filter - Trim","hd":false,"_render":true}],"ip":5,"op":258,"st":6,"bm":0,"completed":true},{"ddd":0,"ind":2,"ty":4,"nm":"ROUE Silhouettes","sr":1,"ks":{"o":{"a":0,"k":100,"ix":11},"r":{"a":1,"k":[{"i":{"x":[0.667],"y":[1]},"o":{"x":[0.333],"y":[0]},"t":12,"s":[443.073]},{"t":127,"s":[3600]}],"ix":10},"p":{"a":0,"k":[651.038,768.478,0],"ix":2},"a":{"a":0,"k":[127.974,127.973,0],"ix":1},"s":{"a":0,"k":[100,100,100],"ix":6}},"ao":0,"shapes":[{"ty":"gr","it":[{"ind":0,"ty":"sh","ix":1,"ks":{"a":0,"k":{"i":[[52.974,29.256],[29.257,-52.973],[-52.974,-29.257],[-29.255,52.973]],"o":[[52.974,-29.257],[-29.255,-52.973],[-52.974,29.256],[29.257,52.973]],"v":[[52.974,-0.001],[0,-52.973],[-52.974,-0.001],[0,52.973]],"c":true},"ix":2},"nm":"TracÃ© 1","mn":"ADBE Vector Shape - Group","hd":false,"_render":true},{"ty":"st","c":{"a":0,"k":[0.0314,0.3412,0.6275,1],"ix":3},"o":{"a":0,"k":100,"ix":4},"w":{"a":0,"k":30,"ix":5},"lc":2,"lj":2,"bm":0,"nm":"Contour 1","mn":"ADBE Vector Graphic - Stroke","hd":false,"_render":true},{"ty":"tr","p":{"a":0,"k":[127.974,127.974],"ix":2},"a":{"a":0,"k":[0,0],"ix":1},"s":{"a":0,"k":[100,100],"ix":3},"r":{"a":0,"k":0,"ix":6},"o":{"a":0,"k":100,"ix":7},"sk":{"a":0,"k":0,"ix":4},"sa":{"a":0,"k":0,"ix":5},"nm":"Transformer ","_render":true}],"nm":"Groupe 1","np":2,"cix":2,"bm":0,"ix":1,"mn":"ADBE Vector Group","hd":false,"_render":true},{"ty":"tm","s":{"a":0,"k":0,"ix":1},"e":{"a":1,"k":[{"i":{"x":[0.043],"y":[0.974]},"o":{"x":[1],"y":[0.011]},"t":4,"s":[0]},{"i":{"x":[0.833],"y":[1]},"o":{"x":[0.167],"y":[0]},"t":18,"s":[85]},{"i":{"x":[0.833],"y":[1]},"o":{"x":[0.167],"y":[0]},"t":120,"s":[85]},{"t":131,"s":[0]}],"ix":2},"o":{"a":0,"k":0,"ix":3},"m":1,"ix":2,"nm":"RÃ©duire les tracÃ©s 1","mn":"ADBE Vector Filter - Trim","hd":false,"_render":true}],"ip":0,"op":250,"st":0,"bm":0,"completed":true},{"ddd":0,"ind":3,"ty":4,"nm":"BAC Silhouettes","sr":1,"ks":{"o":{"a":0,"k":100,"ix":11},"r":{"a":1,"k":[{"i":{"x":[0.667],"y":[1]},"o":{"x":[0.333],"y":[0]},"t":11,"s":[-3]},{"i":{"x":[0.667],"y":[1]},"o":{"x":[0.333],"y":[0]},"t":14,"s":[3]},{"i":{"x":[0.667],"y":[1]},"o":{"x":[0.333],"y":[0]},"t":16,"s":[-2]},{"t":18,"s":[0]}],"ix":10},"p":{"a":1,"k":[{"i":{"x":0.833,"y":0.833},"o":{"x":0.167,"y":0.167},"t":11,"s":[308.353,463.466,0],"to":null,"ti":null},{"i":{"x":0.833,"y":0.833},"o":{"x":0.167,"y":0.167},"t":14,"s":[296.353,463.466,0],"to":null,"ti":null},{"i":{"x":0.833,"y":0.833},"o":{"x":0.167,"y":0.167},"t":41,"s":[296.353,463.466,0],"to":null,"ti":null},{"i":{"x":0.833,"y":0.833},"o":{"x":0.167,"y":0.167},"t":44,"s":[296.353,463.466,0],"to":null,"ti":null},{"i":{"x":0.833,"y":0.833},"o":{"x":0.167,"y":0.167},"t":46,"s":[296.353,474.466,0],"to":null,"ti":null},{"i":{"x":0.833,"y":0.833},"o":{"x":0.167,"y":0.167},"t":47,"s":[296.353,463,0],"to":null,"ti":null},{"i":{"x":0.833,"y":0.833},"o":{"x":0.167,"y":0.167},"t":51,"s":[296.353,463.466,0],"to":null,"ti":null},{"i":{"x":0.833,"y":0.833},"o":{"x":0.167,"y":0.167},"t":54,"s":[296.353,463.466,0],"to":null,"ti":null},{"i":{"x":0.833,"y":0.833},"o":{"x":0.167,"y":0.167},"t":56,"s":[296.353,474.466,0],"to":null,"ti":null},{"i":{"x":0.833,"y":0.833},"o":{"x":0.167,"y":0.167},"t":57,"s":[296.353,463,0],"to":null,"ti":null},{"i":{"x":0.833,"y":0.833},"o":{"x":0.167,"y":0.167},"t":62,"s":[296.353,463.466,0],"to":null,"ti":null},{"i":{"x":0.833,"y":0.833},"o":{"x":0.167,"y":0.167},"t":65,"s":[296.353,463.466,0],"to":null,"ti":null},{"i":{"x":0.833,"y":0.833},"o":{"x":0.167,"y":0.167},"t":67,"s":[296.353,474.466,0],"to":null,"ti":null},{"i":{"x":0.833,"y":0.833},"o":{"x":0.167,"y":0.167},"t":68,"s":[296.353,463,0],"to":null,"ti":null},{"i":{"x":0.833,"y":0.833},"o":{"x":0.167,"y":0.167},"t":80,"s":[296.353,463,0],"to":null,"ti":null},{"i":{"x":0.833,"y":0.833},"o":{"x":0.167,"y":0.167},"t":82,"s":[296.353,496,0],"to":null,"ti":null},{"i":{"x":0.833,"y":0.833},"o":{"x":0.167,"y":0.167},"t":83,"s":[296.353,447,0],"to":null,"ti":null},{"i":{"x":0.833,"y":0.833},"o":{"x":0.167,"y":0.167},"t":86,"s":[296.353,484,0],"to":null,"ti":null},{"i":{"x":0.833,"y":0.833},"o":{"x":0.167,"y":0.167},"t":88,"s":[296.353,467,0],"to":null,"ti":null},{"i":{"x":0.833,"y":0.833},"o":{"x":0.167,"y":0.167},"t":89,"s":[296.353,471,0],"to":null,"ti":null},{"i":{"x":0.833,"y":0.833},"o":{"x":0.167,"y":0.167},"t":113,"s":[296.353,471,0],"to":null,"ti":null},{"i":{"x":0.833,"y":0.833},"o":{"x":0.167,"y":0.167},"t":115,"s":[296.353,496,0],"to":null,"ti":null},{"i":{"x":0.833,"y":0.833},"o":{"x":0.167,"y":0.167},"t":116,"s":[296.353,447,0],"to":null,"ti":null},{"i":{"x":0.833,"y":0.833},"o":{"x":0.167,"y":0.167},"t":119,"s":[296.353,484,0],"to":null,"ti":null},{"i":{"x":0.833,"y":0.833},"o":{"x":0.167,"y":0.167},"t":121,"s":[296.353,467,0],"to":null,"ti":null},{"t":122,"s":[296.353,471,0]}],"ix":2},"a":{"a":0,"k":[112.014,215.708,0],"ix":1},"s":{"a":0,"k":[100,100,100],"ix":6}},"ao":0,"shapes":[{"ty":"gr","it":[{"ind":0,"ty":"sh","ix":1,"ks":{"a":0,"k":{"i":[[-271.014,-129.708],[271.014,-129.708],[201.984,129.708],[-166.414,129.708]],"o":[[-271.014,-129.708],[271.014,-129.708],[201.984,129.708],[-166.414,129.708]],"v":[[-271.014,-129.708],[271.014,-129.708],[201.984,129.708],[-166.414,129.708]],"c":false},"ix":2},"nm":"TracÃ© 1","mn":"ADBE Vector Shape - Group","hd":false,"_render":true},{"ty":"st","c":{"a":0,"k":[0.0314,0.3412,0.6275,1],"ix":3},"o":{"a":0,"k":100,"ix":4},"w":{"a":0,"k":30,"ix":5},"lc":2,"lj":2,"bm":0,"nm":"Contour 1","mn":"ADBE Vector Graphic - Stroke","hd":false,"_render":true},{"ty":"tr","p":{"a":0,"k":[346.014,204.708],"ix":2},"a":{"a":0,"k":[0,0],"ix":1},"s":{"a":0,"k":[100,100],"ix":3},"r":{"a":0,"k":0,"ix":6},"o":{"a":0,"k":100,"ix":7},"sk":{"a":0,"k":0,"ix":4},"sa":{"a":0,"k":0,"ix":5},"nm":"Transformer ","_render":true}],"nm":"Groupe 1","np":2,"cix":2,"bm":0,"ix":1,"mn":"ADBE Vector Group","hd":false,"_render":true},{"ty":"tm","s":{"a":1,"k":[{"i":{"x":[0],"y":[0.999]},"o":{"x":[0.87],"y":[0.002]},"t":9,"s":[0]},{"i":{"x":[0.833],"y":[1]},"o":{"x":[0.333],"y":[0]},"t":14,"s":[100]},{"i":{"x":[0.354],"y":[0.997]},"o":{"x":[0.681],"y":[0.01]},"t":136,"s":[100]},{"t":154,"s":[0]}],"ix":1},"e":{"a":0,"k":0,"ix":2},"o":{"a":0,"k":0,"ix":3},"m":1,"ix":2,"nm":"RÃ©duire les tracÃ©s 1","mn":"ADBE Vector Filter - Trim","hd":false,"_render":true}],"ip":0,"op":250,"st":0,"bm":0,"completed":true},{"ddd":0,"ind":4,"ty":4,"nm":"CADRE Silhouettes","parent":3,"sr":1,"ks":{"o":{"a":0,"k":100,"ix":11},"r":{"a":0,"k":0,"ix":10},"p":{"a":0,"k":[240.971,201.655,0],"ix":2},"a":{"a":0,"k":[364.87,285.003,0],"ix":1},"s":{"a":0,"k":[100,100,100],"ix":6}},"ao":0,"shapes":[{"ty":"gr","it":[{"ind":0,"ty":"sh","ix":1,"ks":{"a":0,"k":{"i":[[-289.87,-210.003],[-191.232,-210.003],[-121.12,130.452],[-95.143,188.849],[-50.352999999999994,210.003],[289.87,210.003]],"o":[[-289.87,-210.003],[-191.232,-210.003],[-114.714,161.557],[-58.67400000000001,207.269],[-42.605,210.003],[289.87,210.003]],"v":[[-289.87,-210.003],[-191.232,-210.003],[-121.12,130.452],[-66.796,203.166],[-42.605,210.003],[289.87,210.003]],"c":false},"ix":2},"nm":"TracÃ© 1","mn":"ADBE Vector Shape - Group","hd":false,"_render":true},{"ty":"st","c":{"a":0,"k":[0.0314,0.3412,0.6275,1],"ix":3},"o":{"a":0,"k":100,"ix":4},"w":{"a":0,"k":30,"ix":5},"lc":2,"lj":2,"bm":0,"nm":"Contour 1","mn":"ADBE Vector Graphic - Stroke","hd":false,"_render":true},{"ty":"tr","p":{"a":0,"k":[364.87,285.003],"ix":2},"a":{"a":0,"k":[0,0],"ix":1},"s":{"a":0,"k":[100,100],"ix":3},"r":{"a":0,"k":0,"ix":6},"o":{"a":0,"k":100,"ix":7},"sk":{"a":0,"k":0,"ix":4},"sa":{"a":0,"k":0,"ix":5},"nm":"Transformer ","_render":true}],"nm":"Groupe 1","np":2,"cix":2,"bm":0,"ix":1,"mn":"ADBE Vector Group","hd":false,"_render":true},{"ty":"tm","s":{"a":1,"k":[{"i":{"x":[0.098],"y":[0.984]},"o":{"x":[0.825],"y":[0.011]},"t":0,"s":[0]},{"i":{"x":[0.746],"y":[1.898]},"o":{"x":[0.167],"y":[0]},"t":13,"s":[100]},{"i":{"x":[0.268],"y":[0.996]},"o":{"x":[0.738],"y":[0.008]},"t":130,"s":[100]},{"t":148,"s":[0]}],"ix":1},"e":{"a":0,"k":0,"ix":2},"o":{"a":0,"k":0,"ix":3},"m":1,"ix":2,"nm":"RÃ©duire les tracÃ©s 1","mn":"ADBE Vector Filter - Trim","hd":false,"_render":true}],"ip":0,"op":250,"st":0,"bm":0,"completed":true},{"ddd":0,"ind":5,"ty":4,"nm":"Calque de forme 2","parent":3,"sr":1,"ks":{"o":{"a":0,"k":100,"ix":11},"r":{"a":0,"k":0,"ix":10},"p":{"a":0,"k":[315.661,252.242,0],"ix":2},"a":{"a":0,"k":[0,0,0],"ix":1},"s":{"a":0,"k":[100,100,100],"ix":6}},"ao":0,"shapes":[{"ty":"gr","it":[{"ind":0,"ty":"sh","ix":1,"ks":{"a":0,"k":{"i":[[303,-174],[-247,-172],[-197,87],[235,87]],"o":[[303,-174],[-247,-172],[-197,87],[235,87]],"v":[[303,-174],[-247,-172],[-197,87],[235,87]],"c":true},"ix":2},"nm":"TracÃ© 1","mn":"ADBE Vector Shape - Group","hd":false,"_render":true},{"ty":"fl","c":{"a":0,"k":[0.84,1,0.9707,1],"ix":4},"o":{"a":0,"k":100,"ix":5},"r":1,"bm":0,"nm":"Fond 1","mn":"ADBE Vector Graphic - Fill","hd":false,"_render":true},{"ty":"tr","p":{"a":0,"k":[-1,-2],"ix":2},"a":{"a":0,"k":[0,0],"ix":1},"s":{"a":0,"k":[100,100],"ix":3},"r":{"a":0,"k":0,"ix":6},"o":{"a":0,"k":100,"ix":7},"sk":{"a":0,"k":0,"ix":4},"sa":{"a":0,"k":0,"ix":5},"nm":"Transformer ","_render":true}],"nm":"Forme 1","np":3,"cix":2,"bm":0,"ix":1,"mn":"ADBE Vector Group","hd":false,"_render":true}],"ip":0,"op":250,"st":0,"bm":0,"completed":true},{"ddd":0,"ind":6,"ty":4,"nm":"Calque de forme 1","parent":3,"sr":1,"ks":{"o":{"a":1,"k":[{"i":{"x":[0.833],"y":[0.833]},"o":{"x":[0.167],"y":[0.167]},"t":133,"s":[100]},{"t":148,"s":[0]}],"ix":11},"r":{"a":0,"k":-31,"ix":10},"p":{"a":1,"k":[{"i":{"x":1,"y":1},"o":{"x":1,"y":0},"t":34,"s":[215.661,-409.258,0],"to":null,"ti":null},{"i":{"x":1,"y":1},"o":{"x":0.167,"y":0.167},"t":44,"s":[215.661,58.742,0],"to":null,"ti":null},{"i":{"x":1,"y":1},"o":{"x":0.167,"y":0},"t":84,"s":[215.661,58.742,0],"to":null,"ti":null},{"i":{"x":1,"y":1},"o":{"x":0.167,"y":0},"t":86,"s":[215.661,18.742,0],"to":null,"ti":null},{"i":{"x":1,"y":1},"o":{"x":0.167,"y":0.167},"t":88,"s":[215.661,38.742,0],"to":null,"ti":null},{"i":{"x":1,"y":0.999},"o":{"x":0.167,"y":0},"t":118,"s":[215.661,38.742,0],"to":null,"ti":null},{"i":{"x":1,"y":1},"o":{"x":0.167,"y":0},"t":120,"s":[215.661,18.742,0],"to":null,"ti":null},{"i":{"x":1,"y":1},"o":{"x":0.167,"y":0},"t":122,"s":[215.661,38.742,0],"to":null,"ti":null},{"t":124,"s":[215.661,182.742,0]}],"ix":2},"a":{"a":0,"k":[-12,-327.5,0],"ix":1},"s":{"a":0,"k":[100,100,100],"ix":6}},"ao":0,"shapes":[{"ty":"gr","it":[{"ty":"rc","d":1,"s":{"a":0,"k":[106,183],"ix":2},"p":{"a":0,"k":[0,0],"ix":3},"r":{"a":0,"k":0,"ix":4},"nm":"TracÃ© rectangulaire 1","mn":"ADBE Vector Shape - Rect","hd":false,"_render":true},{"ty":"st","c":{"a":0,"k":[0.0314,0.3412,0.6275,1],"ix":3},"o":{"a":0,"k":100,"ix":4},"w":{"a":0,"k":30,"ix":5},"lc":2,"lj":2,"bm":0,"nm":"Contour 1","mn":"ADBE Vector Graphic - Stroke","hd":false,"_render":true},{"ty":"fl","c":{"a":0,"k":[0.84,1,0.9707,1],"ix":4},"o":{"a":0,"k":100,"ix":5},"r":1,"bm":0,"nm":"Fond 1","mn":"ADBE Vector Graphic - Fill","hd":false,"_render":true},{"ty":"tr","p":{"a":0,"k":[-12,-327.5],"ix":2},"a":{"a":0,"k":[0,0],"ix":1},"s":{"a":0,"k":[100,100],"ix":3},"r":{"a":0,"k":0,"ix":6},"o":{"a":0,"k":100,"ix":7},"sk":{"a":0,"k":0,"ix":4},"sa":{"a":0,"k":0,"ix":5},"nm":"Transformer ","_render":true}],"nm":"Rectangle 1","np":3,"cix":2,"bm":0,"ix":1,"mn":"ADBE Vector Group","hd":false,"_render":true}],"ip":0,"op":250,"st":0,"bm":0,"completed":true},{"ddd":0,"ind":7,"ty":4,"nm":"Calque de forme 3","parent":3,"sr":1,"ks":{"o":{"a":1,"k":[{"i":{"x":[0.833],"y":[0.833]},"o":{"x":[0.167],"y":[0.167]},"t":133,"s":[100]},{"t":148,"s":[0]}],"ix":11},"r":{"a":0,"k":0,"ix":10},"p":{"a":1,"k":[{"i":{"x":1,"y":1},"o":{"x":1,"y":0},"t":43,"s":[355.661,-409.258,0],"to":null,"ti":null},{"i":{"x":1,"y":1},"o":{"x":0.167,"y":0.167},"t":53,"s":[355.661,84.742,0],"to":null,"ti":null},{"i":{"x":1,"y":0.999},"o":{"x":0.167,"y":0},"t":84,"s":[355.661,84.742,0],"to":null,"ti":null},{"i":{"x":1,"y":0.999},"o":{"x":0.167,"y":0},"t":86,"s":[355.661,64.742,0],"to":null,"ti":null},{"i":{"x":1,"y":1},"o":{"x":0.167,"y":0.167},"t":88,"s":[355.661,84.742,0],"to":null,"ti":null},{"i":{"x":1,"y":0.999},"o":{"x":0.167,"y":0},"t":118,"s":[355.661,84.742,0],"to":null,"ti":null},{"i":{"x":1,"y":0.999},"o":{"x":0.167,"y":0},"t":120,"s":[355.661,64.742,0],"to":null,"ti":null},{"i":{"x":1,"y":1},"o":{"x":0.167,"y":0},"t":122,"s":[355.661,84.742,0],"to":null,"ti":null},{"t":124,"s":[355.661,166.742,0]}],"ix":2},"a":{"a":0,"k":[23,-219,0],"ix":1},"s":{"a":0,"k":[100,100,100],"ix":6}},"ao":0,"shapes":[{"ty":"gr","it":[{"d":1,"ty":"el","s":{"a":0,"k":[142,142],"ix":2},"p":{"a":0,"k":[0,0],"ix":3},"nm":"TracÃ© d'ellipse 1","mn":"ADBE Vector Shape - Ellipse","hd":false,"_render":true},{"ty":"st","c":{"a":0,"k":[0.0314,0.3412,0.6275,1],"ix":3},"o":{"a":0,"k":100,"ix":4},"w":{"a":0,"k":30,"ix":5},"lc":1,"lj":1,"ml":4,"bm":0,"nm":"Contour 1","mn":"ADBE Vector Graphic - Stroke","hd":false,"_render":true},{"ty":"fl","c":{"a":0,"k":[0.84,1,0.9707,1],"ix":4},"o":{"a":0,"k":100,"ix":5},"r":1,"bm":0,"nm":"Fond 1","mn":"ADBE Vector Graphic - Fill","hd":false,"_render":true},{"ty":"tr","p":{"a":0,"k":[23,-219],"ix":2},"a":{"a":0,"k":[0,0],"ix":1},"s":{"a":0,"k":[100,100],"ix":3},"r":{"a":0,"k":0,"ix":6},"o":{"a":0,"k":100,"ix":7},"sk":{"a":0,"k":0,"ix":4},"sa":{"a":0,"k":0,"ix":5},"nm":"Transformer ","_render":true}],"nm":"Ellipse 1","np":3,"cix":2,"bm":0,"ix":1,"mn":"ADBE Vector Group","hd":false,"_render":true}],"ip":0,"op":250,"st":0,"bm":0,"completed":true},{"ddd":0,"ind":8,"ty":4,"nm":"Calque de forme 4","parent":3,"sr":1,"ks":{"o":{"a":1,"k":[{"i":{"x":[0.833],"y":[0.833]},"o":{"x":[0.167],"y":[0.167]},"t":133,"s":[100]},{"t":148,"s":[0]}],"ix":11},"r":{"a":0,"k":0,"ix":10},"p":{"a":1,"k":[{"i":{"x":1,"y":1},"o":{"x":1,"y":0},"t":55,"s":[512.322,-363.551,0],"to":null,"ti":null},{"i":{"x":1,"y":1},"o":{"x":0.167,"y":0.167},"t":65,"s":[512.322,42.449,0],"to":null,"ti":null},{"i":{"x":1,"y":1},"o":{"x":0.167,"y":0},"t":84,"s":[512.322,42.449,0],"to":null,"ti":null},{"i":{"x":1,"y":1},"o":{"x":0.167,"y":0},"t":86,"s":[512.322,-17.551,0],"to":null,"ti":null},{"i":{"x":1,"y":1},"o":{"x":0.167,"y":0.167},"t":88,"s":[512.322,42.449,0],"to":null,"ti":null},{"i":{"x":1,"y":1},"o":{"x":0.167,"y":0},"t":118,"s":[512.322,42.449,0],"to":null,"ti":null},{"i":{"x":1,"y":1},"o":{"x":0.167,"y":0},"t":120,"s":[512.322,-17.551,0],"to":null,"ti":null},{"i":{"x":1,"y":1},"o":{"x":0.167,"y":0},"t":122,"s":[512.322,42.449,0],"to":null,"ti":null},{"t":124,"s":[512.322,140.449,0]}],"ix":2},"a":{"a":0,"k":[306,-410,0],"ix":1},"s":{"a":0,"k":[100,100,100],"ix":6}},"ao":0,"shapes":[{"ty":"gr","it":[{"ind":0,"ty":"sh","ix":1,"ks":{"a":0,"k":{"i":[[306,-458],[242,-362],[370,-362]],"o":[[306,-458],[242,-362],[370,-362]],"v":[[306,-458],[242,-362],[370,-362]],"c":true},"ix":2},"nm":"TracÃ© 1","mn":"ADBE Vector Shape - Group","hd":false,"_render":true},{"ty":"st","c":{"a":0,"k":[0.0314,0.3412,0.6275,1],"ix":3},"o":{"a":0,"k":100,"ix":4},"w":{"a":0,"k":30,"ix":5},"lc":2,"lj":2,"bm":0,"nm":"Contour 1","mn":"ADBE Vector Graphic - Stroke","hd":false,"_render":true},{"ty":"fl","c":{"a":0,"k":[0.84,1,0.9707,1],"ix":4},"o":{"a":0,"k":100,"ix":5},"r":1,"bm":0,"nm":"Fond 1","mn":"ADBE Vector Graphic - Fill","hd":false,"_render":true},{"ty":"tr","p":{"a":0,"k":[0,0],"ix":2},"a":{"a":0,"k":[0,0],"ix":1},"s":{"a":0,"k":[100,100],"ix":3},"r":{"a":0,"k":0,"ix":6},"o":{"a":0,"k":100,"ix":7},"sk":{"a":0,"k":0,"ix":4},"sa":{"a":0,"k":0,"ix":5},"nm":"Transformer ","_render":true}],"nm":"Forme 1","np":3,"cix":2,"bm":0,"ix":1,"mn":"ADBE Vector Group","hd":false,"_render":true}],"ip":0,"op":250,"st":0,"bm":0,"completed":true},{"ddd":0,"ind":10,"ty":4,"nm":"Calque de forme 12","sr":1,"ks":{"o":{"a":1,"k":[{"i":{"x":[0.833],"y":[0.833]},"o":{"x":[0.167],"y":[0.167]},"t":91,"s":[0]},{"i":{"x":[0.833],"y":[0.833]},"o":{"x":[0.167],"y":[0.167]},"t":96,"s":[100]},{"i":{"x":[0.833],"y":[0.833]},"o":{"x":[0.167],"y":[0.167]},"t":100,"s":[100]},{"t":129,"s":[0]}],"ix":11},"r":{"a":0,"k":0,"ix":10},"p":{"a":0,"k":[500,500,0],"ix":2},"a":{"a":0,"k":[0,0,0],"ix":1},"s":{"a":0,"k":[100,100,100],"ix":6}},"ao":0,"shapes":[{"ty":"gr","it":[{"ind":0,"ty":"sh","ix":1,"ks":{"a":0,"k":{"i":[[-319,272],[334,272]],"o":[[-319,272],[334,272]],"v":[[-319,272],[334,272]],"c":false},"ix":2},"nm":"TracÃ© 1","mn":"ADBE Vector Shape - Group","hd":false,"_render":true},{"ty":"st","c":{"a":0,"k":[0,0.8667,0.702,1],"ix":3},"o":{"a":0,"k":100,"ix":4},"w":{"a":0,"k":30,"ix":5},"lc":2,"lj":1,"ml":4,"bm":0,"nm":"Contour 1","mn":"ADBE Vector Graphic - Stroke","hd":false,"_render":true},{"ty":"fl","c":{"a":0,"k":[1,1,1,1],"ix":4},"o":{"a":0,"k":100,"ix":5},"r":1,"bm":0,"nm":"Fond 1","mn":"ADBE Vector Graphic - Fill","hd":false,"_render":true},{"ty":"tr","p":{"a":0,"k":[0,0],"ix":2},"a":{"a":0,"k":[0,0],"ix":1},"s":{"a":0,"k":[100,100],"ix":3},"r":{"a":0,"k":0,"ix":6},"o":{"a":0,"k":100,"ix":7},"sk":{"a":0,"k":0,"ix":4},"sa":{"a":0,"k":0,"ix":5},"nm":"Transformer ","_render":true}],"nm":"Forme 1","np":3,"cix":2,"bm":0,"ix":1,"mn":"ADBE Vector Group","hd":false,"_render":true},{"ty":"tm","s":{"a":1,"k":[{"i":{"x":[0.365],"y":[1.011]},"o":{"x":[0.919],"y":[-0.013]},"t":91,"s":[100]},{"t":124,"s":[43]}],"ix":1},"e":{"a":1,"k":[{"i":{"x":[0],"y":[1.006]},"o":{"x":[1],"y":[-0.002]},"t":96,"s":[100]},{"t":128,"s":[43]}],"ix":2},"o":{"a":0,"k":0,"ix":3},"m":1,"ix":2,"nm":"RÃ©duire les tracÃ©s 1","mn":"ADBE Vector Filter - Trim","hd":false,"_render":true},{"ty":"gr","it":[{"ty":"st","c":{"a":0,"k":[1,1,1,1],"ix":3},"o":{"a":0,"k":100,"ix":4},"w":{"a":0,"k":2,"ix":5},"lc":1,"lj":1,"ml":4,"bm":0,"d":[{"n":"o","nm":"dÃ©calage","v":{"a":0,"k":2000,"ix":7}}],"nm":"Contour 1","mn":"ADBE Vector Graphic - Stroke","hd":false,"_render":true},{"ty":"tr","p":{"a":0,"k":[0,0],"ix":2},"a":{"a":0,"k":[0,0],"ix":1},"s":{"a":0,"k":[100,100],"ix":3},"r":{"a":0,"k":0,"ix":6},"o":{"a":0,"k":100,"ix":7},"sk":{"a":0,"k":0,"ix":4},"sa":{"a":0,"k":0,"ix":5},"nm":"Transformer ","_render":true}],"nm":"Groupe 1","np":1,"cix":2,"bm":0,"ix":3,"mn":"ADBE Vector Group","hd":false,"_render":true}],"ip":76,"op":326,"st":76,"bm":0,"completed":true},{"ddd":0,"ind":11,"ty":4,"nm":"Calque de forme 11","sr":1,"ks":{"o":{"a":1,"k":[{"i":{"x":[0.833],"y":[0.833]},"o":{"x":[0.167],"y":[0.167]},"t":84,"s":[100]},{"t":101,"s":[0]}],"ix":11},"r":{"a":0,"k":0,"ix":10},"p":{"a":0,"k":[500,500,0],"ix":2},"a":{"a":0,"k":[0,0,0],"ix":1},"s":{"a":0,"k":[100,100,100],"ix":6}},"ao":0,"shapes":[{"ty":"gr","it":[{"ind":0,"ty":"sh","ix":1,"ks":{"a":0,"k":{"i":[[-319,272],[334,272]],"o":[[-319,272],[334,272]],"v":[[-319,272],[334,272]],"c":false},"ix":2},"nm":"TracÃ© 1","mn":"ADBE Vector Shape - Group","hd":false,"_render":true},{"ty":"st","c":{"a":0,"k":[0,0.8667,0.702,1],"ix":3},"o":{"a":0,"k":100,"ix":4},"w":{"a":0,"k":30,"ix":5},"lc":2,"lj":1,"ml":4,"bm":0,"nm":"Contour 1","mn":"ADBE Vector Graphic - Stroke","hd":false,"_render":true},{"ty":"fl","c":{"a":0,"k":[1,1,1,1],"ix":4},"o":{"a":0,"k":100,"ix":5},"r":1,"bm":0,"nm":"Fond 1","mn":"ADBE Vector Graphic - Fill","hd":false,"_render":true},{"ty":"tr","p":{"a":0,"k":[0,0],"ix":2},"a":{"a":0,"k":[0,0],"ix":1},"s":{"a":0,"k":[100,100],"ix":3},"r":{"a":0,"k":0,"ix":6},"o":{"a":0,"k":100,"ix":7},"sk":{"a":0,"k":0,"ix":4},"sa":{"a":0,"k":0,"ix":5},"nm":"Transformer ","_render":true}],"nm":"Forme 1","np":3,"cix":2,"bm":0,"ix":1,"mn":"ADBE Vector Group","hd":false,"_render":true},{"ty":"tm","s":{"a":1,"k":[{"i":{"x":[0.365],"y":[1.007]},"o":{"x":[0.919],"y":[-0.009]},"t":75,"s":[100]},{"t":97,"s":[43]}],"ix":1},"e":{"a":1,"k":[{"i":{"x":[0],"y":[1.004]},"o":{"x":[1],"y":[-0.001]},"t":80,"s":[100]},{"t":101,"s":[43]}],"ix":2},"o":{"a":0,"k":0,"ix":3},"m":1,"ix":2,"nm":"RÃ©duire les tracÃ©s 1","mn":"ADBE Vector Filter - Trim","hd":false,"_render":true},{"ty":"gr","it":[{"ty":"st","c":{"a":0,"k":[1,1,1,1],"ix":3},"o":{"a":0,"k":100,"ix":4},"w":{"a":0,"k":2,"ix":5},"lc":1,"lj":1,"ml":4,"bm":0,"d":[{"n":"o","nm":"dÃ©calage","v":{"a":0,"k":2000,"ix":7}}],"nm":"Contour 1","mn":"ADBE Vector Graphic - Stroke","hd":false,"_render":true},{"ty":"tr","p":{"a":0,"k":[0,0],"ix":2},"a":{"a":0,"k":[0,0],"ix":1},"s":{"a":0,"k":[100,100],"ix":3},"r":{"a":0,"k":0,"ix":6},"o":{"a":0,"k":100,"ix":7},"sk":{"a":0,"k":0,"ix":4},"sa":{"a":0,"k":0,"ix":5},"nm":"Transformer ","_render":true}],"nm":"Groupe 1","np":1,"cix":2,"bm":0,"ix":3,"mn":"ADBE Vector Group","hd":false,"_render":true}],"ip":58,"op":308,"st":58,"bm":0,"completed":true},{"ddd":0,"ind":12,"ty":4,"nm":"Calque de forme 10","sr":1,"ks":{"o":{"a":1,"k":[{"i":{"x":[0.833],"y":[0.833]},"o":{"x":[0.167],"y":[0.167]},"t":69,"s":[100]},{"t":76,"s":[0]}],"ix":11},"r":{"a":0,"k":0,"ix":10},"p":{"a":0,"k":[500,500,0],"ix":2},"a":{"a":0,"k":[0,0,0],"ix":1},"s":{"a":0,"k":[100,100,100],"ix":6}},"ao":0,"shapes":[{"ty":"gr","it":[{"ind":0,"ty":"sh","ix":1,"ks":{"a":0,"k":{"i":[[-319,272],[334,272]],"o":[[-319,272],[334,272]],"v":[[-319,272],[334,272]],"c":false},"ix":2},"nm":"TracÃ© 1","mn":"ADBE Vector Shape - Group","hd":false,"_render":true},{"ty":"st","c":{"a":0,"k":[0,0.8667,0.702,1],"ix":3},"o":{"a":0,"k":100,"ix":4},"w":{"a":0,"k":30,"ix":5},"lc":2,"lj":1,"ml":4,"bm":0,"nm":"Contour 1","mn":"ADBE Vector Graphic - Stroke","hd":false,"_render":true},{"ty":"fl","c":{"a":0,"k":[1,1,1,1],"ix":4},"o":{"a":0,"k":100,"ix":5},"r":1,"bm":0,"nm":"Fond 1","mn":"ADBE Vector Graphic - Fill","hd":false,"_render":true},{"ty":"tr","p":{"a":0,"k":[0,0],"ix":2},"a":{"a":0,"k":[0,0],"ix":1},"s":{"a":0,"k":[100,100],"ix":3},"r":{"a":0,"k":0,"ix":6},"o":{"a":0,"k":100,"ix":7},"sk":{"a":0,"k":0,"ix":4},"sa":{"a":0,"k":0,"ix":5},"nm":"Transformer ","_render":true}],"nm":"Forme 1","np":3,"cix":2,"bm":0,"ix":1,"mn":"ADBE Vector Group","hd":false,"_render":true},{"ty":"tm","s":{"a":1,"k":[{"i":{"x":[0.365],"y":[1.004]},"o":{"x":[0.919],"y":[-0.005]},"t":60,"s":[100]},{"t":72,"s":[43]}],"ix":1},"e":{"a":1,"k":[{"i":{"x":[0],"y":[1.002]},"o":{"x":[1],"y":[-0.001]},"t":65,"s":[100]},{"t":76,"s":[43]}],"ix":2},"o":{"a":0,"k":0,"ix":3},"m":1,"ix":2,"nm":"RÃ©duire les tracÃ©s 1","mn":"ADBE Vector Filter - Trim","hd":false,"_render":true},{"ty":"gr","it":[{"ty":"st","c":{"a":0,"k":[1,1,1,1],"ix":3},"o":{"a":0,"k":100,"ix":4},"w":{"a":0,"k":2,"ix":5},"lc":1,"lj":1,"ml":4,"bm":0,"d":[{"n":"o","nm":"dÃ©calage","v":{"a":0,"k":2000,"ix":7}}],"nm":"Contour 1","mn":"ADBE Vector Graphic - Stroke","hd":false,"_render":true},{"ty":"tr","p":{"a":0,"k":[0,0],"ix":2},"a":{"a":0,"k":[0,0],"ix":1},"s":{"a":0,"k":[100,100],"ix":3},"r":{"a":0,"k":0,"ix":6},"o":{"a":0,"k":100,"ix":7},"sk":{"a":0,"k":0,"ix":4},"sa":{"a":0,"k":0,"ix":5},"nm":"Transformer ","_render":true}],"nm":"Groupe 1","np":1,"cix":2,"bm":0,"ix":3,"mn":"ADBE Vector Group","hd":false,"_render":true}],"ip":43,"op":293,"st":43,"bm":0,"completed":true},{"ddd":0,"ind":13,"ty":4,"nm":"Calque de forme 9","sr":1,"ks":{"o":{"a":1,"k":[{"i":{"x":[0.833],"y":[0.833]},"o":{"x":[0.167],"y":[0.167]},"t":55,"s":[100]},{"t":61,"s":[0]}],"ix":11},"r":{"a":0,"k":0,"ix":10},"p":{"a":0,"k":[500,500,0],"ix":2},"a":{"a":0,"k":[0,0,0],"ix":1},"s":{"a":0,"k":[100,100,100],"ix":6}},"ao":0,"shapes":[{"ty":"gr","it":[{"ind":0,"ty":"sh","ix":1,"ks":{"a":0,"k":{"i":[[-319,272],[334,272]],"o":[[-319,272],[334,272]],"v":[[-319,272],[334,272]],"c":false},"ix":2},"nm":"TracÃ© 1","mn":"ADBE Vector Shape - Group","hd":false,"_render":true},{"ty":"st","c":{"a":0,"k":[0,0.8667,0.702,1],"ix":3},"o":{"a":0,"k":100,"ix":4},"w":{"a":0,"k":30,"ix":5},"lc":2,"lj":1,"ml":4,"bm":0,"nm":"Contour 1","mn":"ADBE Vector Graphic - Stroke","hd":false,"_render":true},{"ty":"fl","c":{"a":0,"k":[1,1,1,1],"ix":4},"o":{"a":0,"k":100,"ix":5},"r":1,"bm":0,"nm":"Fond 1","mn":"ADBE Vector Graphic - Fill","hd":false,"_render":true},{"ty":"tr","p":{"a":0,"k":[0,0],"ix":2},"a":{"a":0,"k":[0,0],"ix":1},"s":{"a":0,"k":[100,100],"ix":3},"r":{"a":0,"k":0,"ix":6},"o":{"a":0,"k":100,"ix":7},"sk":{"a":0,"k":0,"ix":4},"sa":{"a":0,"k":0,"ix":5},"nm":"Transformer ","_render":true}],"nm":"Forme 1","np":3,"cix":2,"bm":0,"ix":1,"mn":"ADBE Vector Group","hd":false,"_render":true},{"ty":"tm","s":{"a":1,"k":[{"i":{"x":[0.365],"y":[1.004]},"o":{"x":[0.919],"y":[-0.004]},"t":46,"s":[100]},{"t":57,"s":[43]}],"ix":1},"e":{"a":1,"k":[{"i":{"x":[0],"y":[1.002]},"o":{"x":[1],"y":[0]},"t":51,"s":[100]},{"t":61,"s":[43]}],"ix":2},"o":{"a":0,"k":0,"ix":3},"m":1,"ix":2,"nm":"RÃ©duire les tracÃ©s 1","mn":"ADBE Vector Filter - Trim","hd":false,"_render":true},{"ty":"gr","it":[{"ty":"st","c":{"a":0,"k":[1,1,1,1],"ix":3},"o":{"a":0,"k":100,"ix":4},"w":{"a":0,"k":2,"ix":5},"lc":1,"lj":1,"ml":4,"bm":0,"d":[{"n":"o","nm":"dÃ©calage","v":{"a":0,"k":2000,"ix":7}}],"nm":"Contour 1","mn":"ADBE Vector Graphic - Stroke","hd":false,"_render":true},{"ty":"tr","p":{"a":0,"k":[0,0],"ix":2},"a":{"a":0,"k":[0,0],"ix":1},"s":{"a":0,"k":[100,100],"ix":3},"r":{"a":0,"k":0,"ix":6},"o":{"a":0,"k":100,"ix":7},"sk":{"a":0,"k":0,"ix":4},"sa":{"a":0,"k":0,"ix":5},"nm":"Transformer ","_render":true}],"nm":"Groupe 1","np":1,"cix":2,"bm":0,"ix":3,"mn":"ADBE Vector Group","hd":false,"_render":true}],"ip":29,"op":279,"st":29,"bm":0,"completed":true},{"ddd":0,"ind":14,"ty":4,"nm":"Calque de forme 8","sr":1,"ks":{"o":{"a":1,"k":[{"i":{"x":[0.833],"y":[0.833]},"o":{"x":[0.167],"y":[0.167]},"t":38,"s":[100]},{"t":44,"s":[0]}],"ix":11},"r":{"a":0,"k":0,"ix":10},"p":{"a":0,"k":[500,500,0],"ix":2},"a":{"a":0,"k":[0,0,0],"ix":1},"s":{"a":0,"k":[100,100,100],"ix":6}},"ao":0,"shapes":[{"ty":"gr","it":[{"ind":0,"ty":"sh","ix":1,"ks":{"a":0,"k":{"i":[[-319,272],[334,272]],"o":[[-319,272],[334,272]],"v":[[-319,272],[334,272]],"c":false},"ix":2},"nm":"TracÃ© 1","mn":"ADBE Vector Shape - Group","hd":false,"_render":true},{"ty":"st","c":{"a":0,"k":[0,0.8667,0.702,1],"ix":3},"o":{"a":0,"k":100,"ix":4},"w":{"a":0,"k":30,"ix":5},"lc":2,"lj":1,"ml":4,"bm":0,"nm":"Contour 1","mn":"ADBE Vector Graphic - Stroke","hd":false,"_render":true},{"ty":"fl","c":{"a":0,"k":[1,1,1,1],"ix":4},"o":{"a":0,"k":100,"ix":5},"r":1,"bm":0,"nm":"Fond 1","mn":"ADBE Vector Graphic - Fill","hd":false,"_render":true},{"ty":"tr","p":{"a":0,"k":[0,0],"ix":2},"a":{"a":0,"k":[0,0],"ix":1},"s":{"a":0,"k":[100,100],"ix":3},"r":{"a":0,"k":0,"ix":6},"o":{"a":0,"k":100,"ix":7},"sk":{"a":0,"k":0,"ix":4},"sa":{"a":0,"k":0,"ix":5},"nm":"Transformer ","_render":true}],"nm":"Forme 1","np":3,"cix":2,"bm":0,"ix":1,"mn":"ADBE Vector Group","hd":false,"_render":true},{"ty":"tm","s":{"a":1,"k":[{"i":{"x":[0.365],"y":[1.004]},"o":{"x":[0.919],"y":[-0.004]},"t":29,"s":[100]},{"t":40,"s":[43]}],"ix":1},"e":{"a":1,"k":[{"i":{"x":[0],"y":[1.002]},"o":{"x":[1],"y":[0]},"t":34,"s":[100]},{"t":44,"s":[43]}],"ix":2},"o":{"a":0,"k":0,"ix":3},"m":1,"ix":2,"nm":"RÃ©duire les tracÃ©s 1","mn":"ADBE Vector Filter - Trim","hd":false,"_render":true},{"ty":"gr","it":[{"ty":"st","c":{"a":0,"k":[1,1,1,1],"ix":3},"o":{"a":0,"k":100,"ix":4},"w":{"a":0,"k":2,"ix":5},"lc":1,"lj":1,"ml":4,"bm":0,"d":[{"n":"o","nm":"dÃ©calage","v":{"a":0,"k":2000,"ix":7}}],"nm":"Contour 1","mn":"ADBE Vector Graphic - Stroke","hd":false,"_render":true},{"ty":"tr","p":{"a":0,"k":[0,0],"ix":2},"a":{"a":0,"k":[0,0],"ix":1},"s":{"a":0,"k":[100,100],"ix":3},"r":{"a":0,"k":0,"ix":6},"o":{"a":0,"k":100,"ix":7},"sk":{"a":0,"k":0,"ix":4},"sa":{"a":0,"k":0,"ix":5},"nm":"Transformer ","_render":true}],"nm":"Groupe 1","np":1,"cix":2,"bm":0,"ix":3,"mn":"ADBE Vector Group","hd":false,"_render":true}],"ip":12,"op":262,"st":12,"bm":0,"completed":true},{"ddd":0,"ind":15,"ty":4,"nm":"Calque de forme 6","sr":1,"ks":{"o":{"a":1,"k":[{"i":{"x":[0.833],"y":[0.833]},"o":{"x":[0.167],"y":[0.167]},"t":26,"s":[100]},{"t":32,"s":[0]}],"ix":11},"r":{"a":0,"k":0,"ix":10},"p":{"a":0,"k":[500,500,0],"ix":2},"a":{"a":0,"k":[0,0,0],"ix":1},"s":{"a":0,"k":[100,100,100],"ix":6}},"ao":0,"shapes":[{"ty":"gr","it":[{"ind":0,"ty":"sh","ix":1,"ks":{"a":0,"k":{"i":[[-319,272],[334,272]],"o":[[-319,272],[334,272]],"v":[[-319,272],[334,272]],"c":false},"ix":2},"nm":"TracÃ© 1","mn":"ADBE Vector Shape - Group","hd":false,"_render":true},{"ty":"st","c":{"a":0,"k":[0,0.8667,0.702,1],"ix":3},"o":{"a":0,"k":100,"ix":4},"w":{"a":0,"k":30,"ix":5},"lc":2,"lj":1,"ml":4,"bm":0,"nm":"Contour 1","mn":"ADBE Vector Graphic - Stroke","hd":false,"_render":true},{"ty":"fl","c":{"a":0,"k":[1,1,1,1],"ix":4},"o":{"a":0,"k":100,"ix":5},"r":1,"bm":0,"nm":"Fond 1","mn":"ADBE Vector Graphic - Fill","hd":false,"_render":true},{"ty":"tr","p":{"a":0,"k":[0,0],"ix":2},"a":{"a":0,"k":[0,0],"ix":1},"s":{"a":0,"k":[100,100],"ix":3},"r":{"a":0,"k":0,"ix":6},"o":{"a":0,"k":100,"ix":7},"sk":{"a":0,"k":0,"ix":4},"sa":{"a":0,"k":0,"ix":5},"nm":"Transformer ","_render":true}],"nm":"Forme 1","np":3,"cix":2,"bm":0,"ix":1,"mn":"ADBE Vector Group","hd":false,"_render":true},{"ty":"tm","s":{"a":1,"k":[{"i":{"x":[0.365],"y":[1.004]},"o":{"x":[0.919],"y":[-0.004]},"t":17,"s":[100]},{"t":28,"s":[43]}],"ix":1},"e":{"a":1,"k":[{"i":{"x":[0],"y":[1.002]},"o":{"x":[1],"y":[0]},"t":22,"s":[100]},{"t":32,"s":[43]}],"ix":2},"o":{"a":0,"k":0,"ix":3},"m":1,"ix":2,"nm":"RÃ©duire les tracÃ©s 1","mn":"ADBE Vector Filter - Trim","hd":false,"_render":true},{"ty":"gr","it":[{"ty":"st","c":{"a":0,"k":[1,1,1,1],"ix":3},"o":{"a":0,"k":100,"ix":4},"w":{"a":0,"k":2,"ix":5},"lc":1,"lj":1,"ml":4,"bm":0,"d":[{"n":"o","nm":"dÃ©calage","v":{"a":0,"k":2000,"ix":7}}],"nm":"Contour 1","mn":"ADBE Vector Graphic - Stroke","hd":false,"_render":true},{"ty":"tr","p":{"a":0,"k":[0,0],"ix":2},"a":{"a":0,"k":[0,0],"ix":1},"s":{"a":0,"k":[100,100],"ix":3},"r":{"a":0,"k":0,"ix":6},"o":{"a":0,"k":100,"ix":7},"sk":{"a":0,"k":0,"ix":4},"sa":{"a":0,"k":0,"ix":5},"nm":"Transformer ","_render":true}],"nm":"Groupe 1","np":1,"cix":2,"bm":0,"ix":3,"mn":"ADBE Vector Group","hd":false,"_render":true}],"ip":0,"op":250,"st":0,"bm":0,"completed":true}],"markers":[],"__complete":true}